doc_name,page_number,table_id,struct_valid,numeric_ratio,mode_used,risky_table
aafdf5_2024_cons_rus.pdf,8,1,1.0,0.0,lattice,True
aafd_af_4_2025.pdf,1,1,1.0,0.0,lattice,True
aafd_af_4_2025.pdf,2,1,1.0,0.0,lattice,True
aafd_af_4_2025.pdf,3,1,1.0,0.03571428571428571,lattice,True
aafd_af_4_2025.pdf,4,1,1.0,0.04,lattice,True
aafd_af_4_2025.pdf,5,1,1.0,0.0,lattice,True
aafd_af_4_2025.pdf,6,1,1.0,0.0,lattice,True
aafd_af_4_2025.pdf,7,1,1.0,0.0,lattice,True
aafd_af_4_2025.pdf,8,1,1.0,0.0,lattice,True
aafd_af_4_2025.pdf,9,1,1.0,0.0,lattice,True
aafd_af_4_2025.pdf,10,1,1.0,0.05263157894736842,lattice,True
aafd_af_4_2025.pdf,11,1,1.0,0.037037037037037035,lattice,True
aafd_af_4_2025.pdf,12,1,1.0,0.0,lattice,True
aafd_af_4_2025.pdf,13,1,1.0,0.0,lattice,True
aafd_af_4_2025.pdf,14,1,1.0,0.0,lattice,True
aira_af_4_2025.pdf,94,1,1.0,0.0,lattice,True
bastp_2024_rus.pdf,4,1,1.0,0.0,lattice,True
bastp_2024_rus.pdf,58,1,1.0,0.0,lattice,True
bastp_2024_rus.pdf,59,1,1.0,0.0,lattice,True
bastp_2024_rus.pdf,60,1,1.0,0.0,lattice,True
bastp_2024_rus.pdf,61,1,1.0,0.0,lattice,True
bastp_2024_rus.pdf,62,1,1.0,0.0,lattice,True
bastp_2024_rus.pdf,63,1,1.0,0.0,lattice,True
bastp_2024_rus.pdf,64,1,1.0,0.0,lattice,True
bastp_2024_rus.pdf,65,1,1.0,0.0,lattice,True
bastp_2024_rus.pdf,66,1,1.0,0.0,lattice,True
bastp_2024_rus.pdf,67,1,1.0,0.0,lattice,True
bastp_2024_rus.pdf,68,1,1.0,0.0,lattice,True
bastp_2024_rus.pdf,69,1,1.0,0.04,lattice,True
bastp_2024_rus.pdf,70,1,1.0,0.0,lattice,True
bastp_2024_rus.pdf,71,1,1.0,0.0,lattice,True
bastp_2024_rus.pdf,72,1,1.0,0.0,lattice,True
bastp_2024_rus.pdf,73,1,1.0,0.0,lattice,True
bastp_2024_rus.pdf,74,1,1.0,0.14285714285714285,lattice,True
bastp_2024_rus.pdf,75,1,1.0,0.0,lattice,True
bastp_2024_rus.pdf,76,1,1.0,0.0,lattice,True
bastp_2024_rus.pdf,77,1,1.0,0.0,lattice,True
bastp_2024_rus.pdf,78,1,1.0,0.0,lattice,True
bastp_2024_rus.pdf,79,1,1.0,0.0,lattice,True
bastp_2024_rus.pdf,80,1,1.0,0.0,lattice,True
bastp_2024_rus.pdf,81,1,1.0,0.0,lattice,True
bastp_2024_rus.pdf,82,1,1.0,0.0,lattice,True
bastp_2024_rus.pdf,83,1,1.0,0.0,lattice,True
bastp_2024_rus.pdf,84,1,1.0,0.0,lattice,True
bastp_2024_rus.pdf,85,1,1.0,0.0,lattice,True
bastp_2024_rus.pdf,86,1,1.0,0.0,lattice,True
bastp_2024_rus.pdf,87,1,1.0,0.0,lattice,True
bastp_2024_rus.pdf,88,1,1.0,0.0,lattice,True
bastp_2024_rus.pdf,89,1,1.0,0.0,lattice,True
bastp_2024_rus.pdf,90,1,1.0,0.0,lattice,True
bastp_2024_rus.pdf,91,1,1.0,0.07692307692307693,lattice,True
bastp_2024_rus.pdf,92,1,1.0,0.0,lattice,True
bastp_2024_rus.pdf,93,1,1.0,0.0,lattice,True
bastp_2024_rus.pdf,94,1,1.0,0.0,lattice,True
bastp_2024_rus.pdf,95,1,1.0,0.0,lattice,True
bastp_2024_rus.pdf,96,1,1.0,0.0,lattice,True
bastp_2024_rus.pdf,97,1,1.0,0.09090909090909091,lattice,True
bastp_2024_rus.pdf,98,1,1.0,0.0,lattice,True
bastp_2024_rus.pdf,99,1,1.0,0.0,lattice,True
bastp_2024_rus.pdf,100,1,1.0,0.08333333333333333,lattice,True
brkz_af_4_2025.pdf,1,1,1.0,0.07692307692307693,lattice,True
brkz_af_4_2025.pdf,2,1,1.0,0.0,lattice,True
brkz_af_4_2025.pdf,3,1,1.0,0.18181818181818182,lattice,True
brkz_af_4_2025.pdf,4,1,1.0,0.0,lattice,True
brkz_af_4_2025.pdf,5,1,1.0,0.0,lattice,True
brkz_af_4_2025.pdf,6,1,1.0,0.0,lattice,True
brkz_af_4_2025.pdf,7,1,1.0,0.3333333333333333,lattice,False
brkz_af_4_2025.pdf,8,1,1.0,0.0,lattice,True
brkz_af_4_2025.pdf,9,1,1.0,0.0,lattice,True
bsulp_2024_rus.pdf,1,1,1.0,0.0,lattice,True
bsulp_2024_rus.pdf,44,1,1.0,0.0,lattice,True
bsulp_2024_rus.pdf,49,1,1.0,0.0,lattice,True
bsulp_2024_rus.pdf,50,1,1.0,0.0,lattice,True
bsulp_2024_rus.pdf,54,1,1.0,0.0,lattice,True
bsulp_2024_rus.pdf,55,1,1.0,0.0,lattice,True
bsulp_2024_rus.pdf,56,1,1.0,0.0,lattice,True
bsulp_2024_rus.pdf,60,1,1.0,0.0,lattice,True
bsulp_2024_rus.pdf,62,1,1.0,0.0,lattice,True
bsulp_2024_rus.pdf,63,1,1.0,0.0,lattice,True
bsulp_2024_rus.pdf,64,1,1.0,0.0,lattice,True
bsulp_2024_rus.pdf,66,1,1.0,0.0,lattice,True
bsulp_2024_rus.pdf,72,1,1.0,0.0,lattice,True
bsul_af_4_2025.pdf,1,1,1.0,0.09090909090909091,lattice,True
bsul_af_4_2025.pdf,2,1,1.0,0.0,lattice,True
bsul_af_4_2025.pdf,3,1,1.0,0.0,lattice,True
bsul_af_4_2025.pdf,4,1,1.0,0.030303030303030304,lattice,True
bsul_af_4_2025.pdf,5,1,1.0,0.0,lattice,True
bsul_af_4_2025.pdf,6,1,1.0,0.058823529411764705,lattice,True
bsul_af_4_2025.pdf,7,1,1.0,0.045454545454545456,lattice,True
bsul_af_4_2025.pdf,8,1,1.0,0.0,lattice,True
bsul_af_4_2025.pdf,9,1,1.0,0.0,lattice,True
bsul_af_4_2025.pdf,10,1,1.0,0.0,lattice,True
bsul_af_4_2025.pdf,11,1,1.0,0.0,lattice,True
bsul_af_4_2025.pdf,12,1,1.0,0.0625,lattice,True
bsul_af_4_2025.pdf,13,1,1.0,0.0625,lattice,True
bsul_af_4_2025.pdf,14,1,1.0,0.0,lattice,True
bsul_af_4_2025.pdf,15,1,1.0,0.0,lattice,True
fatnp_2024_rus.pdf,1,1,1.0,0.0,lattice,True
fatnp_2024_rus.pdf,29,1,1.0,0.0,lattice,True
fatnp_2024_rus.pdf,36,1,1.0,0.0,lattice,True
fatnp_2024_rus.pdf,37,1,1.0,0.0,lattice,True
fatnp_2024_rus.pdf,38,1,1.0,0.0,lattice,True
fatnp_2024_rus.pdf,39,1,1.0,0.0,lattice,True
fatnp_2024_rus.pdf,42,1,1.0,0.0,lattice,True
fatnp_2024_rus.pdf,44,1,1.0,0.0,lattice,True
fatnp_2024_rus.pdf,47,1,1.0,0.0,lattice,True
fatnp_2024_rus.pdf,48,1,1.0,0.0,lattice,True
fatnp_2024_rus.pdf,50,1,1.0,0.0,lattice,True
fatnp_2024_rus.pdf,54,1,1.0,0.0,lattice,True
fatnp_2024_rus.pdf,55,1,1.0,0.0,lattice,True
fatnp_2024_rus.pdf,57,1,1.0,0.0,lattice,True
fatnp_2024_rus.pdf,58,1,1.0,0.0,lattice,True
fatnp_2024_rus.pdf,61,1,1.0,0.0,lattice,True
fatnp_2024_rus.pdf,62,1,1.0,0.0,lattice,True
fatnp_2024_rus.pdf,63,1,1.0,0.25,lattice,False
fatnp_2024_rus.pdf,67,1,1.0,0.0,lattice,True
fatnp_2024_rus.pdf,68,1,1.0,0.0,lattice,True
fatnp_2024_rus.pdf,69,1,1.0,0.0,lattice,True
fatnp_2024_rus.pdf,70,1,1.0,0.0,lattice,True
fatnp_2024_rus.pdf,72,1,1.0,0.0,lattice,True
fatnp_2024_rus.pdf,73,1,1.0,0.0,lattice,True
fatnp_2024_rus.pdf,74,1,1.0,0.0,lattice,True
fatnp_2024_rus.pdf,76,1,1.0,0.0,lattice,True
fatnp_2024_rus.pdf,77,1,1.0,0.0,lattice,True
fatnp_2024_rus.pdf,78,1,1.0,0.0,lattice,True
fatnp_2024_rus.pdf,79,1,1.0,0.0,lattice,True
fatnp_2024_rus.pdf,81,1,1.0,0.0,lattice,True
fatn_af_4_2025.pdf,1,1,1.0,0.0,lattice,True
fatn_af_4_2025.pdf,2,1,1.0,0.0,lattice,True
fatn_af_4_2025.pdf,3,1,1.0,0.0,lattice,True
fatn_af_4_2025.pdf,4,1,1.0,0.0,lattice,True
fatn_af_4_2025.pdf,5,1,1.0,0.0,lattice,True
fatn_af_4_2025.pdf,6,1,1.0,0.0,lattice,True
fatn_af_4_2025.pdf,7,1,1.0,0.0,lattice,True
fatn_af_4_2025.pdf,8,1,1.0,0.0,lattice,True
fatn_af_4_2025.pdf,9,1,1.0,0.0,lattice,True
fatn_af_4_2025.pdf,10,1,1.0,0.0,lattice,True
fpstp_2024_rus.pdf,3,1,1.0,0.0,lattice,True
fpst_af_4_2025.pdf,1,1,1.0,0.0,lattice,True
fpst_af_4_2025.pdf,2,1,1.0,0.0,lattice,True
fpst_af_4_2025.pdf,3,1,1.0,0.0,lattice,True
fpst_af_4_2025.pdf,4,1,1.0,0.06666666666666667,lattice,True
fpst_af_4_2025.pdf,5,1,1.0,0.0,lattice,True
fpst_af_4_2025.pdf,6,1,1.0,0.0,lattice,True
fpst_af_4_2025.pdf,7,1,1.0,0.0,lattice,True
fpst_af_4_2025.pdf,8,1,1.0,0.0,lattice,True
fpst_af_4_2025.pdf,9,1,1.0,0.0,lattice,True
fpst_af_4_2025.pdf,10,1,1.0,0.0,lattice,True
fpst_af_4_2025.pdf,11,1,1.0,0.0,lattice,True
fpst_af_4_2025.pdf,12,1,1.0,0.0,lattice,True
fpst_af_4_2025.pdf,13,1,1.0,0.07142857142857142,lattice,True
fpst_af_4_2025.pdf,14,1,1.0,0.0,lattice,True
kztkf5m1_2025_cons_rus_pdf.pdf,3,1,1.0,0.0,lattice,True
kztkf5m1_2025_cons_rus_pdf.pdf,4,1,1.0,0.0,lattice,True
kztkf5m1_2025_cons_rus_pdf.pdf,7,1,1.0,0.0,lattice,True
kztkp_2024_rus.pdf,113,1,1.0,0.0,lattice,True
kztkp_2024_rus.pdf,175,1,1.0,0.0,lattice,True
kztkp_2024_rus.pdf,176,1,1.0,0.0,lattice,True
kztkp_2024_rus.pdf,177,1,1.0,0.0,lattice,True
kztk_af_4_2025.pdf,203,1,1.0,0.0,lattice,True
kztk_af_4_2025.pdf,218,1,1.0,0.0,lattice,True
matnp_2024_rus.pdf,44,1,1.0,0.0,lattice,True
matnp_2024_rus.pdf,46,1,1.0,0.0,lattice,True
matnp_2024_rus.pdf,47,1,1.0,0.0,lattice,True
oasif6_2024_rus.pdf,1,1,1.0,0.0,lattice,True
oasif6_2024_rus.pdf,2,1,1.0,0.0,lattice,True
oasif6_2024_rus.pdf,3,1,1.0,0.0,lattice,True
oasif6_2024_rus.pdf,4,1,1.0,0.0136986301369863,lattice,True
oasif6_2024_rus.pdf,5,1,1.0,0.0,lattice,True
oasif6_2024_rus.pdf,6,1,1.0,0.0,lattice,True
oasif6_2024_rus.pdf,7,1,1.0,0.0,lattice,True
oasif6_2024_rus.pdf,8,1,1.0,0.010638297872340425,lattice,True
oasif6_2024_rus.pdf,9,1,1.0,0.0,lattice,True
oasif6_2024_rus.pdf,10,1,1.0,0.0,lattice,True
oasif6_2024_rus.pdf,11,1,1.0,0.0196078431372549,lattice,True
oasif6_2024_rus.pdf,12,1,1.0,0.0125,lattice,True
oasif6_2024_rus.pdf,13,1,1.0,0.0,lattice,True
oasif6_2024_rus.pdf,14,1,1.0,0.0,lattice,True
oasif6_2024_rus.pdf,15,1,1.0,0.015625,lattice,True
oasif6_2024_rus.pdf,16,1,1.0,0.012987012987012988,lattice,True
oasif6_2024_rus.pdf,17,1,1.0,0.014084507042253521,lattice,True
oasif6_2024_rus.pdf,18,1,1.0,0.0,lattice,True
oasif6_2024_rus.pdf,19,1,1.0,0.0,lattice,True
oasif6_2024_rus.pdf,20,1,1.0,0.012048192771084338,lattice,True
oasif6_2024_rus.pdf,21,1,1.0,0.013333333333333334,lattice,True
oasif6_2024_rus.pdf,22,1,1.0,0.0,lattice,True
oasif6_2024_rus.pdf,23,1,1.0,0.03333333333333333,lattice,True
oasif6_2024_rus.pdf,24,1,1.0,0.013513513513513514,lattice,True
oasif6_2024_rus.pdf,25,1,1.0,0.0,lattice,True
oasif6_2024_rus.pdf,26,1,1.0,0.013888888888888888,lattice,True
oasif6_2024_rus.pdf,27,1,1.0,0.02040816326530612,lattice,True
oasif6_2024_rus.pdf,28,1,1.0,0.0,lattice,True
oasif6_2024_rus.pdf,29,1,1.0,0.0,lattice,True
oasif6_2024_rus.pdf,30,1,1.0,0.0,lattice,True
oasif6_2024_rus.pdf,31,1,1.0,0.038461538461538464,lattice,True
oasif6_2024_rus.pdf,32,1,1.0,0.02631578947368421,lattice,True
oasif6_2024_rus.pdf,33,1,1.0,0.0,lattice,True
oasif6_2024_rus.pdf,34,1,1.0,0.0,lattice,True
oasif6_2024_rus.pdf,35,1,1.0,0.0,lattice,True
oasif6_2024_rus.pdf,36,1,1.0,0.2,lattice,False
oasi_af_4_2025.pdf,1,1,1.0,0.0,lattice,True
oasi_af_4_2025.pdf,2,1,1.0,0.09090909090909091,lattice,True
oasi_af_4_2025.pdf,3,1,1.0,0.0,lattice,True
rahtp_2024_rus.pdf,60,1,1.0,0.0,lattice,True
rahtp_2024_rus.pdf,61,1,1.0,0.0,lattice,True
rahtp_2024_rus.pdf,62,1,1.0,0.0,lattice,True
rahtp_2024_rus.pdf,63,1,1.0,0.0,lattice,True
rahtp_2024_rus.pdf,64,1,1.0,0.0,lattice,True
rahtp_2024_rus.pdf,65,1,1.0,0.0,lattice,True
rahtp_2024_rus.pdf,66,1,1.0,0.0,lattice,True
rahtp_2024_rus.pdf,67,1,1.0,0.0,lattice,True
rahtp_2024_rus.pdf,68,1,1.0,0.0,lattice,True
rahtp_2024_rus.pdf,69,1,1.0,0.0,lattice,True
rahtp_2024_rus.pdf,70,1,1.0,0.0,lattice,True
rahtp_2024_rus.pdf,71,1,1.0,0.0,lattice,True
rahtp_2024_rus.pdf,72,1,1.0,0.0,lattice,True
rahtp_2024_rus.pdf,73,1,1.0,0.0,lattice,True
raht_af_4_2025.pdf,1,1,1.0,0.0,lattice,True
raht_af_4_2025.pdf,2,1,1.0,0.0,lattice,True
raht_af_4_2025.pdf,3,1,1.0,0.0,lattice,True
raht_af_4_2025.pdf,4,1,1.0,0.16666666666666666,lattice,True
raht_af_4_2025.pdf,5,1,1.0,0.15,lattice,True
raht_af_4_2025.pdf,6,1,1.0,0.2,lattice,False
raht_af_4_2025.pdf,7,1,1.0,0.0,lattice,True
raht_af_4_2025.pdf,8,1,1.0,0.08333333333333333,lattice,True
raht_af_4_2025.pdf,9,1,1.0,0.0,lattice,True
raht_af_4_2025.pdf,10,1,1.0,0.0,lattice,True
raht_af_4_2025.pdf,11,1,1.0,0.0,lattice,True
raht_af_4_2025.pdf,12,1,1.0,0.0,lattice,True
tcibp_2024_rus.pdf,5,1,1.0,0.09523809523809523,lattice,True
tcibp_2024_rus.pdf,8,1,1.0,0.0,lattice,True
tcibp_2024_rus.pdf,14,1,1.0,0.0,lattice,True
tcibp_2024_rus.pdf,18,1,1.0,0.07142857142857142,lattice,True
tcibp_2024_rus.pdf,23,1,1.0,0.0,lattice,True
tcibp_2024_rus.pdf,28,1,1.0,0.0,lattice,True
tcib_af_4_2025.pdf,1,1,1.0,0.0,lattice,True
tcib_af_4_2025.pdf,2,1,1.0,0.0,lattice,True
tcib_af_4_2025.pdf,3,1,1.0,0.03125,lattice,True
tcib_af_4_2025.pdf,4,1,1.0,0.02857142857142857,lattice,True
tcom_af_4_2025.pdf,1,1,1.0,0.0,lattice,True
tcom_af_4_2025.pdf,2,1,1.0,0.0,lattice,True
tcom_af_4_2025.pdf,3,1,1.0,0.0,lattice,True
tcom_af_4_2025.pdf,4,1,1.0,0.0,lattice,True
tmjlf6_2024_cons_rus.pdf,11,1,1.0,0.0,lattice,True
tmjlf6_2024_cons_rus.pdf,16,1,1.0,0.03278688524590164,lattice,True
tmjl_2024_rus.pdf,305,1,1.0,0.0,lattice,True
tmjl_2024_rus.pdf,344,1,1.0,0.0,lattice,True
tmjl_2024_rus.pdf,348,1,1.0,0.0,lattice,True
tmjl_2024_rus.pdf,349,1,1.0,0.06666666666666667,lattice,True
tmjl_2024_rus.pdf,379,1,1.0,0.0,lattice,True
tmjl_2024_rus.pdf,384,1,1.0,0.03278688524590164,lattice,True
tmjl_af_1_2025.pdf,95,1,1.0,0.0,lattice,True
aira_af_4_2025.pdf,94,1,1.0,0.0,lattice,True
aafdf5_2024_cons_rus.pdf,8,1,1.0,0.0,lattice,True
aafd_af_4_2025.pdf,1,1,1.0,0.0,lattice,True
aafd_af_4_2025.pdf,2,1,1.0,0.0,lattice,True
aafd_af_4_2025.pdf,3,1,1.0,0.03571428571428571,lattice,True
aafd_af_4_2025.pdf,4,1,1.0,0.04,lattice,True
aafd_af_4_2025.pdf,5,1,1.0,0.0,lattice,True
aafd_af_4_2025.pdf,6,1,1.0,0.0,lattice,True
aafd_af_4_2025.pdf,7,1,1.0,0.0,lattice,True
aafd_af_4_2025.pdf,8,1,1.0,0.0,lattice,True
aafd_af_4_2025.pdf,9,1,1.0,0.0,lattice,True
aafd_af_4_2025.pdf,10,1,1.0,0.05263157894736842,lattice,True
aafd_af_4_2025.pdf,11,1,1.0,0.037037037037037035,lattice,True
aafd_af_4_2025.pdf,12,1,1.0,0.0,lattice,True
aafd_af_4_2025.pdf,13,1,1.0,0.0,lattice,True
aafd_af_4_2025.pdf,14,1,1.0,0.0,lattice,True
fpstp_2024_rus.pdf,3,1,1.0,0.0,lattice,True
fpst_af_4_2025.pdf,1,1,1.0,0.0,lattice,True
fpst_af_4_2025.pdf,2,1,1.0,0.0,lattice,True
fpst_af_4_2025.pdf,3,1,1.0,0.0,lattice,True
fpst_af_4_2025.pdf,4,1,1.0,0.06666666666666667,lattice,True
fpst_af_4_2025.pdf,5,1,1.0,0.0,lattice,True
fpst_af_4_2025.pdf,6,1,1.0,0.0,lattice,True
fpst_af_4_2025.pdf,7,1,1.0,0.0,lattice,True
fpst_af_4_2025.pdf,8,1,1.0,0.0,lattice,True
fpst_af_4_2025.pdf,9,1,1.0,0.0,lattice,True
fpst_af_4_2025.pdf,10,1,1.0,0.0,lattice,True
fpst_af_4_2025.pdf,11,1,1.0,0.0,lattice,True
fpst_af_4_2025.pdf,12,1,1.0,0.0,lattice,True
fpst_af_4_2025.pdf,13,1,1.0,0.07142857142857142,lattice,True
fpst_af_4_2025.pdf,14,1,1.0,0.0,lattice,True
bastp_2024_rus.pdf,4,1,1.0,0.0,lattice,True
bastp_2024_rus.pdf,58,1,1.0,0.0,lattice,True
bastp_2024_rus.pdf,59,1,1.0,0.0,lattice,True
bastp_2024_rus.pdf,60,1,1.0,0.0,lattice,True
bastp_2024_rus.pdf,61,1,1.0,0.0,lattice,True
bastp_2024_rus.pdf,62,1,1.0,0.0,lattice,True
bastp_2024_rus.pdf,63,1,1.0,0.0,lattice,True
bastp_2024_rus.pdf,64,1,1.0,0.0,lattice,True
bastp_2024_rus.pdf,65,1,1.0,0.0,lattice,True
bastp_2024_rus.pdf,66,1,1.0,0.0,lattice,True
bastp_2024_rus.pdf,67,1,1.0,0.0,lattice,True
bastp_2024_rus.pdf,68,1,1.0,0.0,lattice,True
bastp_2024_rus.pdf,69,1,1.0,0.04,lattice,True
bastp_2024_rus.pdf,70,1,1.0,0.0,lattice,True
bastp_2024_rus.pdf,71,1,1.0,0.0,lattice,True
bastp_2024_rus.pdf,72,1,1.0,0.0,lattice,True
bastp_2024_rus.pdf,73,1,1.0,0.0,lattice,True
bastp_2024_rus.pdf,74,1,1.0,0.14285714285714285,lattice,True
bastp_2024_rus.pdf,75,1,1.0,0.0,lattice,True
bastp_2024_rus.pdf,76,1,1.0,0.0,lattice,True
bastp_2024_rus.pdf,77,1,1.0,0.0,lattice,True
bastp_2024_rus.pdf,78,1,1.0,0.0,lattice,True
bastp_2024_rus.pdf,79,1,1.0,0.0,lattice,True
bastp_2024_rus.pdf,80,1,1.0,0.0,lattice,True
bastp_2024_rus.pdf,81,1,1.0,0.0,lattice,True
bastp_2024_rus.pdf,82,1,1.0,0.0,lattice,True
bastp_2024_rus.pdf,83,1,1.0,0.0,lattice,True
bastp_2024_rus.pdf,84,1,1.0,0.0,lattice,True
bastp_2024_rus.pdf,85,1,1.0,0.0,lattice,True
bastp_2024_rus.pdf,86,1,1.0,0.0,lattice,True
bastp_2024_rus.pdf,87,1,1.0,0.0,lattice,True
bastp_2024_rus.pdf,88,1,1.0,0.0,lattice,True
bastp_2024_rus.pdf,89,1,1.0,0.0,lattice,True
bastp_2024_rus.pdf,90,1,1.0,0.0,lattice,True
bastp_2024_rus.pdf,91,1,1.0,0.07692307692307693,lattice,True
bastp_2024_rus.pdf,92,1,1.0,0.0,lattice,True
bastp_2024_rus.pdf,93,1,1.0,0.0,lattice,True
bastp_2024_rus.pdf,94,1,1.0,0.0,lattice,True
bastp_2024_rus.pdf,95,1,1.0,0.0,lattice,True
bastp_2024_rus.pdf,96,1,1.0,0.0,lattice,True
bastp_2024_rus.pdf,97,1,1.0,0.09090909090909091,lattice,True
bastp_2024_rus.pdf,98,1,1.0,0.0,lattice,True
bastp_2024_rus.pdf,99,1,1.0,0.0,lattice,True
bastp_2024_rus.pdf,100,1,1.0,0.08333333333333333,lattice,True
bsulp_2024_rus.pdf,1,1,1.0,0.0,lattice,True
bsulp_2024_rus.pdf,44,1,1.0,0.0,lattice,True
bsulp_2024_rus.pdf,49,1,1.0,0.0,lattice,True
bsulp_2024_rus.pdf,50,1,1.0,0.0,lattice,True
bsulp_2024_rus.pdf,54,1,1.0,0.0,lattice,True
bsulp_2024_rus.pdf,55,1,1.0,0.0,lattice,True
bsulp_2024_rus.pdf,56,1,1.0,0.0,lattice,True
bsulp_2024_rus.pdf,60,1,1.0,0.0,lattice,True
bsulp_2024_rus.pdf,62,1,1.0,0.0,lattice,True
bsulp_2024_rus.pdf,63,1,1.0,0.0,lattice,True
bsulp_2024_rus.pdf,64,1,1.0,0.0,lattice,True
bsulp_2024_rus.pdf,66,1,1.0,0.0,lattice,True
bsulp_2024_rus.pdf,72,1,1.0,0.0,lattice,True
bsul_af_4_2025.pdf,1,1,1.0,0.09090909090909091,lattice,True
bsul_af_4_2025.pdf,2,1,1.0,0.0,lattice,True
bsul_af_4_2025.pdf,3,1,1.0,0.0,lattice,True
bsul_af_4_2025.pdf,4,1,1.0,0.030303030303030304,lattice,True
bsul_af_4_2025.pdf,5,1,1.0,0.0,lattice,True
bsul_af_4_2025.pdf,6,1,1.0,0.058823529411764705,lattice,True
bsul_af_4_2025.pdf,7,1,1.0,0.045454545454545456,lattice,True
bsul_af_4_2025.pdf,8,1,1.0,0.0,lattice,True
bsul_af_4_2025.pdf,9,1,1.0,0.0,lattice,True
bsul_af_4_2025.pdf,10,1,1.0,0.0,lattice,True
bsul_af_4_2025.pdf,11,1,1.0,0.0,lattice,True
bsul_af_4_2025.pdf,12,1,1.0,0.0625,lattice,True
bsul_af_4_2025.pdf,13,1,1.0,0.0625,lattice,True
bsul_af_4_2025.pdf,14,1,1.0,0.0,lattice,True
bsul_af_4_2025.pdf,15,1,1.0,0.0,lattice,True
brkz_af_4_2025.pdf,1,1,1.0,0.07692307692307693,lattice,True
brkz_af_4_2025.pdf,2,1,1.0,0.0,lattice,True
brkz_af_4_2025.pdf,3,1,1.0,0.18181818181818182,lattice,True
brkz_af_4_2025.pdf,4,1,1.0,0.0,lattice,True
brkz_af_4_2025.pdf,5,1,1.0,0.0,lattice,True
brkz_af_4_2025.pdf,6,1,1.0,0.0,lattice,True
brkz_af_4_2025.pdf,7,1,1.0,0.3333333333333333,lattice,False
brkz_af_4_2025.pdf,8,1,1.0,0.0,lattice,True
brkz_af_4_2025.pdf,9,1,1.0,0.0,lattice,True
fatnp_2024_rus.pdf,1,1,1.0,0.0,lattice,True
fatnp_2024_rus.pdf,29,1,1.0,0.0,lattice,True
fatnp_2024_rus.pdf,36,1,1.0,0.0,lattice,True
fatnp_2024_rus.pdf,37,1,1.0,0.0,lattice,True
fatnp_2024_rus.pdf,38,1,1.0,0.0,lattice,True
fatnp_2024_rus.pdf,39,1,1.0,0.0,lattice,True
fatnp_2024_rus.pdf,42,1,1.0,0.0,lattice,True
fatnp_2024_rus.pdf,44,1,1.0,0.0,lattice,True
fatnp_2024_rus.pdf,47,1,1.0,0.0,lattice,True
fatnp_2024_rus.pdf,48,1,1.0,0.0,lattice,True
fatnp_2024_rus.pdf,50,1,1.0,0.0,lattice,True
fatnp_2024_rus.pdf,54,1,1.0,0.0,lattice,True
fatnp_2024_rus.pdf,55,1,1.0,0.0,lattice,True
fatnp_2024_rus.pdf,57,1,1.0,0.0,lattice,True
fatnp_2024_rus.pdf,58,1,1.0,0.0,lattice,True
fatnp_2024_rus.pdf,61,1,1.0,0.0,lattice,True
fatnp_2024_rus.pdf,62,1,1.0,0.0,lattice,True
fatnp_2024_rus.pdf,63,1,1.0,0.25,lattice,False
fatnp_2024_rus.pdf,67,1,1.0,0.0,lattice,True
fatnp_2024_rus.pdf,68,1,1.0,0.0,lattice,True
fatnp_2024_rus.pdf,69,1,1.0,0.0,lattice,True
fatnp_2024_rus.pdf,70,1,1.0,0.0,lattice,True
fatnp_2024_rus.pdf,72,1,1.0,0.0,lattice,True
fatnp_2024_rus.pdf,73,1,1.0,0.0,lattice,True
fatnp_2024_rus.pdf,74,1,1.0,0.0,lattice,True
fatnp_2024_rus.pdf,76,1,1.0,0.0,lattice,True
fatnp_2024_rus.pdf,77,1,1.0,0.0,lattice,True
fatnp_2024_rus.pdf,78,1,1.0,0.0,lattice,True
fatnp_2024_rus.pdf,79,1,1.0,0.0,lattice,True
fatnp_2024_rus.pdf,81,1,1.0,0.0,lattice,True
fatn_af_4_2025.pdf,1,1,1.0,0.0,lattice,True
fatn_af_4_2025.pdf,2,1,1.0,0.0,lattice,True
fatn_af_4_2025.pdf,3,1,1.0,0.0,lattice,True
fatn_af_4_2025.pdf,4,1,1.0,0.0,lattice,True
fatn_af_4_2025.pdf,5,1,1.0,0.0,lattice,True
fatn_af_4_2025.pdf,6,1,1.0,0.0,lattice,True
fatn_af_4_2025.pdf,7,1,1.0,0.0,lattice,True
fatn_af_4_2025.pdf,8,1,1.0,0.0,lattice,True
fatn_af_4_2025.pdf,9,1,1.0,0.0,lattice,True
fatn_af_4_2025.pdf,10,1,1.0,0.0,lattice,True
kztkf5m1_2025_cons_rus_pdf.pdf,3,1,1.0,0.0,lattice,True
kztkf5m1_2025_cons_rus_pdf.pdf,4,1,1.0,0.0,lattice,True
kztkf5m1_2025_cons_rus_pdf.pdf,7,1,1.0,0.0,lattice,True
kztkp_2024_rus.pdf,113,1,1.0,0.0,lattice,True
kztkp_2024_rus.pdf,175,1,1.0,0.0,lattice,True
kztkp_2024_rus.pdf,176,1,1.0,0.0,lattice,True
kztkp_2024_rus.pdf,177,1,1.0,0.0,lattice,True
kztk_af_4_2025.pdf,203,1,1.0,0.0,lattice,True
kztk_af_4_2025.pdf,218,1,1.0,0.0,lattice,True
matnp_2024_rus.pdf,44,1,1.0,0.0,lattice,True
matnp_2024_rus.pdf,46,1,1.0,0.0,lattice,True
matnp_2024_rus.pdf,47,1,1.0,0.0,lattice,True
oasif6_2024_rus.pdf,1,1,1.0,0.0,lattice,True
oasif6_2024_rus.pdf,2,1,1.0,0.0,lattice,True
oasif6_2024_rus.pdf,3,1,1.0,0.0,lattice,True
oasif6_2024_rus.pdf,4,1,1.0,0.0136986301369863,lattice,True
oasif6_2024_rus.pdf,5,1,1.0,0.0,lattice,True
oasif6_2024_rus.pdf,6,1,1.0,0.0,lattice,True
oasif6_2024_rus.pdf,7,1,1.0,0.0,lattice,True
oasif6_2024_rus.pdf,8,1,1.0,0.010638297872340425,lattice,True
oasif6_2024_rus.pdf,9,1,1.0,0.0,lattice,True
oasif6_2024_rus.pdf,10,1,1.0,0.0,lattice,True
oasif6_2024_rus.pdf,11,1,1.0,0.0196078431372549,lattice,True
oasif6_2024_rus.pdf,12,1,1.0,0.0125,lattice,True
oasif6_2024_rus.pdf,13,1,1.0,0.0,lattice,True
oasif6_2024_rus.pdf,14,1,1.0,0.0,lattice,True
oasif6_2024_rus.pdf,15,1,1.0,0.015625,lattice,True
oasif6_2024_rus.pdf,16,1,1.0,0.012987012987012988,lattice,True
oasif6_2024_rus.pdf,17,1,1.0,0.014084507042253521,lattice,True
oasif6_2024_rus.pdf,18,1,1.0,0.0,lattice,True
oasif6_2024_rus.pdf,19,1,1.0,0.0,lattice,True
oasif6_2024_rus.pdf,20,1,1.0,0.012048192771084338,lattice,True
oasif6_2024_rus.pdf,21,1,1.0,0.013333333333333334,lattice,True
oasif6_2024_rus.pdf,22,1,1.0,0.0,lattice,True
oasif6_2024_rus.pdf,23,1,1.0,0.03333333333333333,lattice,True
oasif6_2024_rus.pdf,24,1,1.0,0.013513513513513514,lattice,True
oasif6_2024_rus.pdf,25,1,1.0,0.0,lattice,True
oasif6_2024_rus.pdf,26,1,1.0,0.013888888888888888,lattice,True
oasif6_2024_rus.pdf,27,1,1.0,0.02040816326530612,lattice,True
oasif6_2024_rus.pdf,28,1,1.0,0.0,lattice,True
oasif6_2024_rus.pdf,29,1,1.0,0.0,lattice,True
oasif6_2024_rus.pdf,30,1,1.0,0.0,lattice,True
oasif6_2024_rus.pdf,31,1,1.0,0.038461538461538464,lattice,True
oasif6_2024_rus.pdf,32,1,1.0,0.02631578947368421,lattice,True
oasif6_2024_rus.pdf,33,1,1.0,0.0,lattice,True
oasif6_2024_rus.pdf,34,1,1.0,0.0,lattice,True
oasif6_2024_rus.pdf,35,1,1.0,0.0,lattice,True
oasif6_2024_rus.pdf,36,1,1.0,0.2,lattice,False
oasi_af_4_2025.pdf,1,1,1.0,0.0,lattice,True
oasi_af_4_2025.pdf,2,1,1.0,0.09090909090909091,lattice,True
oasi_af_4_2025.pdf,3,1,1.0,0.0,lattice,True
tmjlf6_2024_cons_rus.pdf,11,1,1.0,0.0,lattice,True
tmjlf6_2024_cons_rus.pdf,16,1,1.0,0.03278688524590164,lattice,True
tmjl_2024_rus.pdf,305,1,1.0,0.0,lattice,True
tmjl_2024_rus.pdf,344,1,1.0,0.0,lattice,True
tmjl_2024_rus.pdf,348,1,1.0,0.0,lattice,True
tmjl_2024_rus.pdf,349,1,1.0,0.06666666666666667,lattice,True
tmjl_2024_rus.pdf,379,1,1.0,0.0,lattice,True
tmjl_2024_rus.pdf,384,1,1.0,0.03278688524590164,lattice,True
tmjl_af_1_2025.pdf,95,1,1.0,0.0,lattice,True
rahtp_2024_rus.pdf,60,1,1.0,0.0,lattice,True
rahtp_2024_rus.pdf,61,1,1.0,0.0,lattice,True
rahtp_2024_rus.pdf,62,1,1.0,0.0,lattice,True
rahtp_2024_rus.pdf,63,1,1.0,0.0,lattice,True
rahtp_2024_rus.pdf,64,1,1.0,0.0,lattice,True
rahtp_2024_rus.pdf,65,1,1.0,0.0,lattice,True
rahtp_2024_rus.pdf,66,1,1.0,0.0,lattice,True
rahtp_2024_rus.pdf,67,1,1.0,0.0,lattice,True
rahtp_2024_rus.pdf,68,1,1.0,0.0,lattice,True
rahtp_2024_rus.pdf,69,1,1.0,0.0,lattice,True
rahtp_2024_rus.pdf,70,1,1.0,0.0,lattice,True
rahtp_2024_rus.pdf,71,1,1.0,0.0,lattice,True
rahtp_2024_rus.pdf,72,1,1.0,0.0,lattice,True
rahtp_2024_rus.pdf,73,1,1.0,0.0,lattice,True
raht_af_4_2025.pdf,1,1,1.0,0.0,lattice,True
raht_af_4_2025.pdf,2,1,1.0,0.0,lattice,True
raht_af_4_2025.pdf,3,1,1.0,0.0,lattice,True
raht_af_4_2025.pdf,4,1,1.0,0.16666666666666666,lattice,True
raht_af_4_2025.pdf,5,1,1.0,0.15,lattice,True
raht_af_4_2025.pdf,6,1,1.0,0.2,lattice,False
raht_af_4_2025.pdf,7,1,1.0,0.0,lattice,True
raht_af_4_2025.pdf,8,1,1.0,0.08333333333333333,lattice,True
raht_af_4_2025.pdf,9,1,1.0,0.0,lattice,True
raht_af_4_2025.pdf,10,1,1.0,0.0,lattice,True
raht_af_4_2025.pdf,11,1,1.0,0.0,lattice,True
raht_af_4_2025.pdf,12,1,1.0,0.0,lattice,True
tcibp_2024_rus.pdf,5,1,1.0,0.09523809523809523,lattice,True
tcibp_2024_rus.pdf,8,1,1.0,0.0,lattice,True
tcibp_2024_rus.pdf,14,1,1.0,0.0,lattice,True
tcibp_2024_rus.pdf,18,1,1.0,0.07142857142857142,lattice,True
tcibp_2024_rus.pdf,23,1,1.0,0.0,lattice,True
tcibp_2024_rus.pdf,28,1,1.0,0.0,lattice,True
tcib_af_4_2025.pdf,1,1,1.0,0.0,lattice,True
tcib_af_4_2025.pdf,2,1,1.0,0.0,lattice,True
tcib_af_4_2025.pdf,3,1,1.0,0.03125,lattice,True
tcib_af_4_2025.pdf,4,1,1.0,0.02857142857142857,lattice,True
tcom_af_4_2025.pdf,1,1,1.0,0.0,lattice,True
tcom_af_4_2025.pdf,2,1,1.0,0.0,lattice,True
tcom_af_4_2025.pdf,3,1,1.0,0.0,lattice,True
tcom_af_4_2025.pdf,4,1,1.0,0.0,lattice,True
